Customer_ID,Total_Orders,Total_Sales,Last_Order_Date,Recency,Cluster,Customer_Segment
AA-10315,5,5563.56,2018-06-29,184,0,Regular Customers
AA-10375,9,1056.39,2018-12-11,19,0,Regular Customers
AA-10480,4,1790.5120000000002,2018-04-15,259,0,Regular Customers
AA-10645,6,5086.9349999999995,2018-11-05,55,2,Low Engagement Customers
AB-10015,3,886.156,2017-11-10,415,1,High Value Customers
AB-10060,8,7755.62,2018-11-06,54,2,Low Engagement Customers
AB-10105,10,14473.570999999998,2018-11-19,41,2,Low Engagement Customers
AB-10150,5,966.71,2018-11-19,41,0,Regular Customers
AB-10165,8,1113.838,2018-12-05,25,0,Regular Customers
AB-10255,9,914.5319999999999,2018-07-17,166,0,Regular Customers
AB-10600,4,1515.862,2018-11-10,50,0,Regular Customers
AC-10420,3,925.8,2018-05-12,232,0,Regular Customers
AC-10450,7,5527.846,2018-12-19,11,2,Low Engagement Customers
AC-10615,5,2537.6859999999997,2018-12-24,6,0,Regular Customers
AC-10660,5,657.316,2018-03-23,282,0,Regular Customers
AD-10180,8,6106.88,2018-12-01,29,2,Low Engagement Customers
AF-10870,7,2052.908,2018-11-19,41,0,Regular Customers
AF-10885,4,861.565,2017-11-10,415,1,High Value Customers
AG-10270,5,2582.898,2018-03-27,278,0,Regular Customers
AG-10300,4,367.548,2018-09-03,118,0,Regular Customers
AG-10330,5,660.972,2018-12-22,8,0,Regular Customers
AG-10390,5,200.945,2018-09-07,114,0,Regular Customers
AG-10495,7,1419.247,2018-10-13,78,0,Regular Customers
AG-10525,4,1455.038,2016-09-07,844,1,High Value Customers
AG-10675,7,3489.0396000000005,2018-09-24,97,0,Regular Customers
AG-10765,4,170.584,2018-10-14,77,0,Regular Customers
AG-10900,10,4510.797,2018-09-25,96,2,Low Engagement Customers
AH-10030,7,1744.7,2018-12-18,12,0,Regular Customers
AH-10075,10,3250.337,2018-11-26,34,2,Low Engagement Customers
AH-10120,7,1735.5140000000001,2018-10-31,60,0,Regular Customers
AH-10195,4,1587.452,2018-11-05,55,0,Regular Customers
AH-10210,9,4805.344,2018-12-24,6,2,Low Engagement Customers
AH-10465,5,2495.3916,2018-05-14,230,0,Regular Customers
AH-10585,4,738.504,2018-12-09,21,0,Regular Customers
AH-10690,12,7888.294,2017-11-15,410,2,Low Engagement Customers
AI-10855,10,4375.786,2018-12-17,13,2,Low Engagement Customers
AJ-10780,7,4867.344,2018-10-16,75,2,Low Engagement Customers
AJ-10795,7,4501.391,2018-07-17,166,2,Low Engagement Customers
AJ-10945,6,1829.896,2018-08-31,121,0,Regular Customers
AJ-10960,3,629.2479999999999,2018-10-17,74,0,Regular Customers
AM-10360,5,814.012,2018-12-02,28,0,Regular Customers
AM-10705,8,5664.022,2018-07-21,162,2,Low Engagement Customers
AO-10810,1,161.28,2017-08-16,501,1,High Value Customers
AP-10720,6,545.932,2018-11-19,41,0,Regular Customers
AP-10915,10,3323.556,2018-09-23,98,2,Low Engagement Customers
AR-10345,4,1055.694,2018-09-10,111,0,Regular Customers
AR-10405,5,2236.128,2018-08-27,125,0,Regular Customers
AR-10510,5,264.86400000000003,2018-12-16,14,0,Regular Customers
AR-10540,6,6608.448,2018-12-24,6,2,Low Engagement Customers
AR-10570,1,88.15,2017-07-14,534,1,High Value Customers
AR-10825,8,4523.336,2018-11-02,58,2,Low Engagement Customers
AS-10045,7,3050.692,2018-10-03,88,0,Regular Customers
AS-10090,9,3255.31,2018-12-02,28,2,Low Engagement Customers
AS-10135,2,58.82,2018-11-19,41,0,Regular Customers
AS-10225,5,4260.784,2018-12-08,22,0,Regular Customers
AS-10240,5,503.968,2018-06-21,192,0,Regular Customers
AS-10285,6,3214.236,2018-12-11,19,0,Regular Customers
AS-10630,7,833.398,2018-09-29,92,0,Regular Customers
AT-10435,5,1166.0720000000001,2018-12-09,21,0,Regular Customers
AT-10735,10,3831.864,2018-12-17,13,2,Low Engagement Customers
AW-10840,4,649.376,2018-12-10,20,0,Regular Customers
AW-10930,7,2852.968,2018-11-14,46,0,Regular Customers
AY-10555,4,497.014,2018-12-16,14,0,Regular Customers
AZ-10750,6,1622.0179999999998,2018-07-23,160,0,Regular Customers
BB-10990,5,744.3399999999999,2018-09-16,105,0,Regular Customers
BB-11545,9,6765.728,2018-12-02,28,2,Low Engagement Customers
BC-11125,9,2933.676,2018-06-11,202,2,Low Engagement Customers
BD-11320,12,5718.521,2018-11-27,33,2,Low Engagement Customers
BD-11500,6,4411.2429999999995,2018-11-25,35,0,Regular Customers
BD-11560,2,320.54,2018-03-27,278,1,High Value Customers
BD-11605,6,2783.189,2018-09-24,97,0,Regular Customers
BD-11620,6,1538.11,2018-10-22,69,0,Regular Customers
BD-11635,3,582.646,2018-12-21,9,0,Regular Customers
BD-11725,6,1526.5,2018-09-28,93,0,Regular Customers
BD-11770,6,658.466,2018-02-06,327,0,Regular Customers
BE-11335,5,4204.676,2018-09-02,119,0,Regular Customers
BE-11410,5,2261.438,2018-09-23,98,0,Regular Customers
BE-11455,5,748.026,2017-09-05,481,1,High Value Customers
BF-10975,7,599.798,2018-09-30,91,0,Regular Customers
BF-11005,4,1333.88,2018-11-21,39,0,Regular Customers
BF-11020,8,2888.506,2018-10-17,74,2,Low Engagement Customers
BF-11080,3,272.95,2018-12-05,25,0,Regular Customers
BF-11170,11,5907.972,2018-12-14,16,2,Low Engagement Customers
BF-11215,4,1585.162,2018-10-26,65,0,Regular Customers
BF-11275,3,791.9899999999999,2018-11-03,57,0,Regular Customers
BG-11035,8,2798.948,2018-12-02,28,2,Low Engagement Customers
BG-11695,6,1874.172,2018-11-24,36,0,Regular Customers
BG-11740,6,1006.356,2018-11-03,57,0,Regular Customers
BH-11710,8,6255.351,2018-12-07,23,2,Low Engagement Customers
BK-11260,6,659.1379999999999,2018-10-14,77,0,Regular Customers
BM-11140,4,11789.63,2018-02-26,307,2,Low Engagement Customers
BM-11575,6,808.162,2018-09-21,100,0,Regular Customers
BM-11650,11,7294.185,2018-11-27,33,2,Low Engagement Customers
BM-11785,10,1338.842,2018-05-26,218,2,Low Engagement Customers
BN-11470,4,265.296,2018-12-06,24,0,Regular Customers
BN-11515,5,1459.344,2018-12-21,9,0,Regular Customers
BO-11350,5,2682.728,2018-08-15,137,0,Regular Customers
BO-11425,2,130.83,2018-10-16,75,0,Regular Customers
BP-11050,5,983.42,2018-10-08,83,0,Regular Customers
BP-11095,12,2442.044,2018-12-13,17,2,Low Engagement Customers
BP-11155,6,1697.8609999999999,2018-10-02,89,0,Regular Customers
BP-11185,9,3675.861,2018-12-29,1,2,Low Engagement Customers
BP-11230,5,1181.49,2018-11-21,39,0,Regular Customers
BP-11290,7,2475.157,2018-12-18,12,0,Regular Customers
BS-11365,5,10501.653,2017-06-20,558,1,High Value Customers
BS-11380,5,3887.834,2018-12-02,28,0,Regular Customers
BS-11590,6,2454.928,2018-11-25,35,0,Regular Customers
BS-11665,3,3288.1099999999997,2017-05-27,582,1,High Value Customers
BS-11755,7,2562.382,2018-12-29,1,0,Regular Customers
BS-11800,2,949.4300000000001,2018-04-09,265,1,High Value Customers
BT-11305,5,2567.656,2018-01-28,336,1,High Value Customers
BT-11395,6,2186.6130000000003,2018-03-03,302,0,Regular Customers
BT-11440,4,603.876,2017-06-18,560,1,High Value Customers
BT-11485,2,415.19599999999997,2017-03-11,659,1,High Value Customers
BT-11530,5,2684.4919999999997,2018-09-30,91,0,Regular Customers
BT-11680,7,3196.752,2018-12-10,20,0,Regular Customers
BV-11245,5,1523.2730000000001,2018-01-30,334,1,High Value Customers
BW-11065,3,385.516,2018-06-01,212,0,Regular Customers
BW-11110,8,4750.358,2018-08-31,121,2,Low Engagement Customers
BW-11200,6,1738.406,2018-06-10,203,0,Regular Customers
CA-11965,6,3789.7228,2018-09-25,96,0,Regular Customers
CA-12055,5,1679.7240000000002,2017-11-24,401,1,High Value Customers
CA-12265,8,2638.3272,2018-11-04,56,2,Low Engagement Customers
CA-12310,4,1421.954,2018-12-17,13,0,Regular Customers
CA-12775,7,3041.566,2018-09-01,120,0,Regular Customers
CB-12025,9,5730.669,2018-11-13,47,2,Low Engagement Customers
CB-12415,8,1949.2,2018-12-04,26,0,Regular Customers
CB-12535,7,2574.1455,2018-06-16,197,0,Regular Customers
CC-12100,5,1685.889,2017-09-29,457,1,High Value Customers
CC-12145,7,2471.65,2018-09-15,106,0,Regular Customers
CC-12220,11,3670.258,2018-12-10,20,2,Low Engagement Customers
CC-12370,5,12129.072000000002,2018-11-17,43,2,Low Engagement Customers
CC-12430,10,2870.05,2018-12-30,0,2,Low Engagement Customers
CC-12475,9,1659.438,2018-11-21,39,2,Low Engagement Customers
CC-12550,3,113.832,2018-12-03,27,0,Regular Customers
CC-12610,7,2540.631,2018-11-26,34,0,Regular Customers
CC-12670,7,2269.7015,2018-12-01,29,0,Regular Customers
CC-12685,4,2854.1150000000002,2016-10-23,798,1,High Value Customers
CD-11920,5,2033.968,2018-11-20,40,0,Regular Customers
CD-11980,3,639.766,2018-11-06,54,0,Regular Customers
CD-12280,2,1205.584,2018-11-18,42,0,Regular Customers
CD-12790,5,1860.732,2017-11-26,399,1,High Value Customers
CG-12040,6,904.4680000000001,2018-11-11,49,0,Regular Customers
CG-12520,3,1148.7800000000002,2018-01-26,338,1,High Value Customers
CH-12070,3,1537.236,2017-02-08,690,1,High Value Customers
CJ-11875,1,16.52,2017-12-30,365,1,High Value Customers
CJ-12010,8,11164.974,2018-06-24,189,2,Low Engagement Customers
CK-12205,13,3154.855,2018-11-21,39,2,Low Engagement Customers
CK-12325,5,2945.321,2018-09-01,120,0,Regular Customers
CK-12595,11,2372.75,2018-11-17,43,2,Low Engagement Customers
CK-12760,9,1582.109,2018-10-09,82,2,Low Engagement Customers
CL-11890,4,1262.0140000000001,2018-09-15,106,0,Regular Customers
CL-12565,12,10880.546,2018-03-21,284,2,Low Engagement Customers
CL-12700,4,2335.586,2018-04-14,260,0,Regular Customers
CM-11815,6,1673.888,2018-08-21,131,0,Regular Customers
CM-11935,2,565.392,2017-01-22,707,1,High Value Customers
CM-12115,4,1661.6100000000001,2018-12-22,8,0,Regular Customers
CM-12160,6,2533.314,2018-12-04,26,0,Regular Customers
CM-12190,6,1475.144,2018-12-22,8,0,Regular Customers
CM-12235,5,2305.712,2017-12-10,385,1,High Value Customers
CM-12385,4,8954.019999999999,2018-11-23,37,2,Low Engagement Customers
CM-12445,3,287.99,2017-10-20,436,1,High Value Customers
CM-12655,5,5890.508,2018-12-03,27,2,Low Engagement Customers
CM-12715,4,3984.4524,2016-03-01,1034,1,High Value Customers
CP-12085,8,5402.254,2018-10-09,82,2,Low Engagement Customers
CP-12340,7,5817.187,2018-07-23,160,2,Low Engagement Customers
CR-12580,4,2148.852,2018-11-03,57,0,Regular Customers
CR-12625,3,475.9,2017-09-16,470,1,High Value Customers
CR-12730,4,1600.55,2018-10-13,78,0,Regular Customers
CR-12820,3,1397.8724,2018-10-06,85,0,Regular Customers
CS-11845,5,1278.954,2018-09-30,91,0,Regular Customers
CS-11860,6,537.632,2018-07-21,162,0,Regular Customers
CS-11950,11,3036.547,2018-12-05,25,2,Low Engagement Customers
CS-12130,4,884.64,2017-08-28,489,1,High Value Customers
CS-12175,5,844.4580000000001,2018-05-12,232,0,Regular Customers
CS-12250,12,2754.216,2018-12-04,26,2,Low Engagement Customers
CS-12355,11,3202.1620000000003,2018-12-24,6,2,Low Engagement Customers
CS-12400,9,3651.8585000000003,2018-12-28,2,2,Low Engagement Customers
CS-12460,2,550.644,2018-12-03,27,0,Regular Customers
CS-12490,4,970.1105,2017-11-01,424,1,High Value Customers
CS-12505,6,5690.054999999999,2018-11-02,58,2,Low Engagement Customers
CT-11995,8,3241.898,2018-09-25,96,2,Low Engagement Customers
CV-12295,5,2830.6279999999997,2018-04-20,254,0,Regular Customers
CV-12805,9,2370.3136,2018-12-25,5,2,Low Engagement Customers
CW-11905,6,1136.592,2018-12-08,22,0,Regular Customers
CY-12745,7,2004.0819999999999,2018-10-31,60,0,Regular Customers
Co-12640,5,1300.076,2017-06-29,549,1,High Value Customers
DA-13450,4,156.76,2018-01-12,352,1,High Value Customers
DB-12910,8,2171.599,2018-12-09,21,0,Regular Customers
DB-12970,4,2469.6672,2018-05-03,241,0,Regular Customers
DB-13060,6,4151.51,2018-12-14,16,0,Regular Customers
DB-13120,7,2973.094,2018-11-12,48,0,Regular Customers
DB-13210,10,2332.577,2018-12-21,9,2,Low Engagement Customers
DB-13270,8,4655.897,2018-11-07,53,2,Low Engagement Customers
DB-13360,5,1081.466,2018-04-10,264,0,Regular Customers
DB-13405,4,1711.692,2018-06-26,187,0,Regular Customers
DB-13555,7,3908.8028,2018-09-14,107,2,Low Engagement Customers
DB-13615,7,1989.05,2018-11-27,33,0,Regular Customers
DB-13660,7,1155.202,2018-12-18,12,0,Regular Customers
DC-12850,9,3336.168,2018-11-23,37,2,Low Engagement Customers
DC-13285,5,1174.618,2018-12-07,23,0,Regular Customers
DD-13570,6,269.542,2018-11-19,41,0,Regular Customers
DE-13255,5,2550.874,2017-01-11,718,1,High Value Customers
DF-13135,3,2390.534,2017-01-30,699,1,High Value Customers
DG-13300,5,3195.818,2018-11-28,32,0,Regular Customers
DH-13075,5,3487.1980000000003,2018-03-28,277,0,Regular Customers
DH-13675,4,1043.096,2016-11-15,775,1,High Value Customers
DJ-13420,4,2012.52,2017-04-02,637,1,High Value Customers
DJ-13510,8,2501.6879999999996,2018-11-12,48,2,Low Engagement Customers
DJ-13630,3,3356.398,2018-12-18,12,0,Regular Customers
DK-12835,12,3256.48,2018-12-09,21,2,Low Engagement Customers
DK-12895,5,4282.176,2018-11-15,45,0,Regular Customers
DK-12985,5,1687.04,2018-12-23,7,0,Regular Customers
DK-13090,7,2650.557,2018-11-18,42,0,Regular Customers
DK-13150,2,797.832,2018-12-20,10,0,Regular Customers
DK-13225,9,4802.394,2018-12-20,10,2,Low Engagement Customers
DK-13375,8,3318.486,2018-12-11,19,2,Low Engagement Customers
DL-12865,7,444.024,2018-09-21,100,0,Regular Customers
DL-12925,6,3272.2,2018-11-03,57,0,Regular Customers
DL-13315,8,1458.258,2018-12-08,22,0,Regular Customers
DL-13330,4,585.02,2018-11-03,57,0,Regular Customers
DL-13495,8,3539.322,2018-10-15,76,2,Low Engagement Customers
DM-12955,7,1322.034,2018-09-07,114,0,Regular Customers
DM-13015,7,6345.103,2018-11-03,57,2,Low Engagement Customers
DM-13345,8,4074.4719999999998,2018-12-08,22,2,Low Engagement Customers
DM-13525,3,1376.792,2017-09-05,481,1,High Value Customers
DN-13690,7,2139.79,2018-05-27,217,0,Regular Customers
DO-13435,9,1300.0315,2018-08-19,133,0,Regular Customers
DO-13645,7,1267.316,2018-12-04,26,0,Regular Customers
DP-13000,8,897.524,2018-08-26,126,0,Regular Customers
DP-13105,8,2215.002,2018-12-24,6,0,Regular Customers
DP-13165,2,1058.616,2016-10-10,811,1,High Value Customers
DP-13390,9,5480.723999999999,2018-01-06,358,2,Low Engagement Customers
DR-12880,9,6528.034000000001,2018-12-27,3,2,Low Engagement Customers
DR-12940,8,8350.868,2018-11-10,50,2,Low Engagement Customers
DS-13030,4,1762.213,2018-09-28,93,0,Regular Customers
DS-13180,9,2881.8128,2018-12-07,23,2,Low Engagement Customers
DV-13045,5,1119.483,2018-12-11,19,0,Regular Customers
DV-13465,5,3254.487,2018-12-01,29,0,Regular Customers
DW-13195,6,1080.751,2018-10-22,69,0,Regular Customers
DW-13480,5,5271.628,2018-05-27,217,0,Regular Customers
DW-13540,5,344.08,2018-09-23,98,0,Regular Customers
DW-13585,7,1204.854,2018-05-02,242,0,Regular Customers
Dl-13600,5,755.602,2018-09-02,119,0,Regular Customers
Dp-13240,11,7198.7609999999995,2018-10-07,84,2,Low Engagement Customers
EA-14035,12,2752.441,2018-07-31,152,2,Low Engagement Customers
EB-13705,9,3644.978,2018-11-12,48,2,Low Engagement Customers
EB-13750,10,3236.314,2018-11-25,35,2,Low Engagement Customers
EB-13840,4,964.448,2018-10-01,90,0,Regular Customers
EB-13870,10,2767.219,2018-09-21,100,2,Low Engagement Customers
EB-13930,5,944.6000000000001,2018-07-22,161,0,Regular Customers
EB-13975,4,1643.255,2018-12-30,0,0,Regular Customers
EB-14110,6,3071.126,2018-09-08,113,0,Regular Customers
EB-14170,6,1186.326,2018-10-09,82,0,Regular Customers
EC-14050,5,461.914,2018-11-07,53,0,Regular Customers
ED-13885,8,3484.92,2018-08-17,135,2,Low Engagement Customers
EG-13900,5,1832.02,2018-12-08,22,0,Regular Customers
EH-13765,10,9940.380000000001,2018-08-17,135,2,Low Engagement Customers
EH-13945,8,684.1709999999999,2018-05-27,217,0,Regular Customers
EH-13990,6,825.9499999999999,2017-11-20,405,1,High Value Customers
EH-14005,7,1219.53,2018-12-28,2,0,Regular Customers
EH-14125,10,3082.653,2018-07-31,152,2,Low Engagement Customers
EH-14185,6,923.884,2018-09-16,105,0,Regular Customers
EJ-13720,4,2162.174,2018-03-03,302,1,High Value Customers
EJ-14155,5,2656.691,2018-11-03,57,0,Regular Customers
EK-13795,4,1303.478,2018-11-16,44,0,Regular Customers
EL-13735,2,124.28,2018-10-14,77,0,Regular Customers
EM-13810,5,2567.0099999999998,2018-08-20,132,0,Regular Customers
EM-13825,8,2339.598,2018-11-05,55,0,Regular Customers
EM-13960,5,933.704,2018-08-01,151,0,Regular Customers
EM-14065,4,228.99,2018-11-13,47,0,Regular Customers
EM-14095,4,1041.0420000000001,2018-09-08,113,0,Regular Customers
EM-14140,6,4588.436000000001,2018-11-12,48,0,Regular Customers
EM-14200,3,366.822,2018-07-25,158,0,Regular Customers
EN-13780,4,2199.366,2018-03-18,287,0,Regular Customers
EP-13915,17,5478.0608,2018-12-18,12,2,Low Engagement Customers
ER-13855,3,1245.788,2017-11-04,421,1,High Value Customers
ES-14020,5,3510.4579999999996,2018-11-20,40,0,Regular Customers
ES-14080,9,4657.924,2018-12-02,28,2,Low Engagement Customers
FA-14230,7,2984.054,2018-09-24,97,0,Regular Customers
FC-14245,7,3418.742,2018-10-21,70,0,Regular Customers
FC-14335,7,3889.366,2018-06-29,184,2,Low Engagement Customers
FG-14260,7,1383.144,2018-11-26,34,0,Regular Customers
FH-14275,10,4256.272,2018-11-23,37,2,Low Engagement Customers
FH-14350,4,2271.284,2018-06-01,212,0,Regular Customers
FH-14365,8,6987.196,2018-12-25,5,2,Low Engagement Customers
FM-14215,10,2456.638,2018-12-23,7,2,Low Engagement Customers
FM-14290,9,3736.198,2018-11-24,36,2,Low Engagement Customers
FM-14380,9,2523.266,2018-08-07,145,2,Low Engagement Customers
FO-14305,10,2678.438,2018-11-22,38,2,Low Engagement Customers
FP-14320,8,4046.746,2018-12-07,23,2,Low Engagement Customers
FW-14395,3,79.75,2018-01-02,362,1,High Value Customers
GA-14515,5,3797.2320000000004,2018-08-03,149,0,Regular Customers
GA-14725,11,1398.382,2018-12-25,5,2,Low Engagement Customers
GB-14530,11,1568.44,2018-10-29,62,2,Low Engagement Customers
GB-14575,5,4716.288,2018-12-17,13,0,Regular Customers
GD-14590,4,1888.07,2018-12-25,5,0,Regular Customers
GG-14650,9,2224.0,2018-11-17,43,2,Low Engagement Customers
GH-14410,9,2819.4669999999996,2018-10-16,75,2,Low Engagement Customers
GH-14425,4,4172.8460000000005,2018-11-10,50,0,Regular Customers
GH-14485,2,1361.2440000000001,2017-12-08,387,1,High Value Customers
GH-14665,2,146.94080000000002,2018-12-28,2,0,Regular Customers
GK-14620,9,6497.27,2018-09-09,112,2,Low Engagement Customers
GM-14440,7,3582.8199999999997,2018-10-08,83,2,Low Engagement Customers
GM-14455,6,3078.624,2018-12-14,16,0,Regular Customers
GM-14500,10,1255.682,2018-09-15,106,2,Low Engagement Customers
GM-14680,6,3163.628,2018-07-31,152,0,Regular Customers
GM-14695,3,6049.966,2018-09-04,117,0,Regular Customers
GP-14740,2,236.53,2016-11-26,764,1,High Value Customers
GR-14560,2,1284.38,2015-11-21,1135,1,High Value Customers
GT-14635,3,9351.212,2018-11-04,56,2,Low Engagement Customers
GT-14710,11,11820.119999999999,2018-11-24,36,2,Low Engagement Customers
GT-14755,4,226.436,2018-11-26,34,0,Regular Customers
GW-14605,7,2189.019,2018-12-02,28,0,Regular Customers
GZ-14470,9,4355.150000000001,2018-12-23,7,2,Low Engagement Customers
GZ-14545,4,2454.6220000000003,2018-07-26,157,0,Regular Customers
HA-14905,7,2163.3,2018-10-22,69,0,Regular Customers
HA-14920,8,2584.158,2018-12-10,20,2,Low Engagement Customers
HD-14785,3,251.36,2016-11-22,768,1,High Value Customers
HE-14800,3,755.462,2018-12-18,12,0,Regular Customers
HF-14995,7,2533.1639999999998,2018-12-09,21,0,Regular Customers
HG-14845,5,785.628,2018-11-06,54,0,Regular Customers
HG-14965,12,3247.642,2018-12-07,23,2,Low Engagement Customers
HG-15025,7,3690.284,2018-12-24,6,2,Low Engagement Customers
HH-15010,2,218.668,2018-10-19,72,0,Regular Customers
HJ-14875,5,358.1,2018-08-26,126,0,Regular Customers
HK-14890,8,4877.784,2018-08-01,151,2,Low Engagement Customers
HL-15040,6,12873.297999999999,2018-11-17,43,2,Low Engagement Customers
HM-14860,10,8236.7648,2018-12-28,2,2,Low Engagement Customers
HM-14980,4,736.276,2018-04-27,247,0,Regular Customers
HP-14815,7,1990.314,2018-11-30,30,0,Regular Customers
HR-14770,4,940.588,2018-12-17,13,0,Regular Customers
HR-14830,7,5248.787,2018-07-24,159,2,Low Engagement Customers
HW-14935,7,4827.934,2018-09-04,117,2,Low Engagement Customers
HZ-14950,5,886.52,2018-11-25,35,0,Regular Customers
IG-15085,4,744.574,2018-10-20,71,0,Regular Customers
IL-15100,7,5040.736,2018-08-10,142,2,Low Engagement Customers
IM-15055,2,48.4,2017-11-16,409,1,High Value Customers
IM-15070,7,4930.474,2017-12-05,390,2,Low Engagement Customers
JA-15970,8,6491.026,2018-09-29,92,2,Low Engagement Customers
JB-15400,10,1791.605,2018-12-23,7,2,Low Engagement Customers
JB-15925,3,900.552,2016-12-24,736,1,High Value Customers
JB-16000,7,644.1188,2018-11-17,43,0,Regular Customers
JB-16045,5,2518.115,2018-12-23,7,0,Regular Customers
JC-15340,4,71.263,2018-09-07,114,0,Regular Customers
JC-15385,1,1058.108,2018-07-08,175,0,Regular Customers
JC-15775,9,2772.055,2018-07-25,158,2,Low Engagement Customers
JC-16105,5,858.576,2018-11-03,57,0,Regular Customers
JD-15790,5,2152.352,2018-09-04,117,0,Regular Customers
JD-15895,11,7610.8640000000005,2017-12-01,394,2,Low Engagement Customers
JD-16015,6,385.43,2018-09-09,112,0,Regular Customers
JD-16060,3,695.442,2018-03-05,300,1,High Value Customers
JD-16150,8,8828.0305,2018-11-19,41,2,Low Engagement Customers
JE-15475,6,1388.682,2018-06-20,193,0,Regular Customers
JE-15610,7,7754.976,2018-11-12,48,2,Low Engagement Customers
JE-15715,10,8697.842999999999,2018-11-14,46,2,Low Engagement Customers
JE-15745,13,6760.8150000000005,2018-11-09,51,2,Low Engagement Customers
JE-16165,3,2697.248,2018-12-10,20,0,Regular Customers
JF-15190,6,2239.606,2018-10-26,65,0,Regular Customers
JF-15295,5,955.124,2018-05-19,225,0,Regular Customers
JF-15355,6,1911.844,2018-09-16,105,0,Regular Customers
JF-15415,5,2309.432,2018-12-28,2,0,Regular Customers
JF-15490,10,890.95,2018-08-31,121,2,Low Engagement Customers
JF-15565,8,4198.332,2018-11-06,54,2,Low Engagement Customers
JG-15115,3,2358.676,2016-12-03,757,1,High Value Customers
JG-15160,11,6366.392,2018-12-29,1,2,Low Engagement Customers
JG-15310,6,2240.58,2018-12-28,2,0,Regular Customers
JG-15805,6,1507.018,2018-05-21,223,0,Regular Customers
JH-15430,4,309.281,2018-12-25,5,0,Regular Customers
JH-15820,6,528.91,2018-07-09,174,0,Regular Customers
JH-15910,7,959.477,2018-11-19,41,0,Regular Customers
JH-15985,6,7954.9980000000005,2018-12-01,29,2,Low Engagement Customers
JH-16180,4,2256.3940000000002,2017-11-21,404,1,High Value Customers
JJ-15445,5,709.178,2017-09-03,483,1,High Value Customers
JJ-15760,2,195.0,2016-12-08,752,1,High Value Customers
JK-15205,4,4262.2919999999995,2018-10-30,61,0,Regular Customers
JK-15325,3,383.812,2018-03-18,287,1,High Value Customers
JK-15370,7,2136.458,2018-11-16,44,0,Regular Customers
JK-15625,7,3760.028,2018-10-30,61,2,Low Engagement Customers
JK-15640,9,4760.434,2018-07-03,180,2,Low Engagement Customers
JK-15730,9,4769.9,2018-10-07,84,2,Low Engagement Customers
JK-16090,3,3747.668,2018-12-02,28,0,Regular Customers
JK-16120,10,2932.484,2018-09-04,117,2,Low Engagement Customers
JL-15130,6,1214.956,2018-12-22,8,0,Regular Customers
JL-15175,5,1571.523,2018-12-24,6,0,Regular Customers
JL-15235,5,2203.7,2018-09-02,119,0,Regular Customers
JL-15505,6,3173.874,2018-11-11,49,0,Regular Customers
JL-15835,10,9576.343,2018-12-09,21,2,Low Engagement Customers
JL-15850,6,2725.256,2017-04-25,614,1,High Value Customers
JM-15250,6,3159.1220000000003,2018-11-23,37,0,Regular Customers
JM-15265,5,1804.146,2018-11-23,37,0,Regular Customers
JM-15535,7,1733.443,2018-09-19,102,0,Regular Customers
JM-15580,5,303.948,2018-12-30,0,0,Regular Customers
JM-15655,5,864.947,2018-12-22,8,0,Regular Customers
JM-15865,7,7625.076000000001,2018-09-12,109,2,Low Engagement Customers
JM-16195,10,2833.9260000000004,2018-11-03,57,2,Low Engagement Customers
JO-15145,9,3254.949,2018-11-03,57,2,Low Engagement Customers
JO-15280,6,1934.272,2018-09-29,92,0,Regular Customers
JO-15550,5,1090.838,2018-05-29,215,0,Regular Customers
JP-15460,7,1669.135,2018-11-23,37,0,Regular Customers
JP-15520,7,3635.594,2018-12-22,8,2,Low Engagement Customers
JP-16135,9,1707.71,2018-09-19,102,2,Low Engagement Customers
JR-15670,2,1156.658,2017-05-16,593,1,High Value Customers
JR-15700,1,863.88,2018-10-23,68,0,Regular Customers
JR-16210,5,2201.686,2018-11-27,33,0,Regular Customers
JS-15595,4,1417.654,2018-09-02,119,0,Regular Customers
JS-15685,3,990.1959999999999,2018-11-18,42,0,Regular Customers
JS-15880,5,3868.02,2017-07-14,534,1,High Value Customers
JS-15940,5,469.169,2017-09-23,463,1,High Value Customers
JS-16030,6,2516.494,2018-12-02,28,0,Regular Customers
JW-15220,6,7721.714,2018-11-18,42,2,Low Engagement Customers
JW-15955,6,1049.2379999999998,2018-12-25,5,0,Regular Customers
JW-16075,4,1428.731,2017-09-25,461,1,High Value Customers
KA-16525,7,1519.506,2018-11-24,36,0,Regular Customers
KB-16240,7,3152.6150000000002,2018-12-26,4,0,Regular Customers
KB-16315,9,1569.464,2018-03-09,296,2,Low Engagement Customers
KB-16405,3,908.821,2018-09-04,117,0,Regular Customers
KB-16585,12,2744.742,2018-05-14,230,2,Low Engagement Customers
KB-16600,7,983.922,2018-12-29,1,0,Regular Customers
KC-16255,6,2120.954,2017-11-18,407,1,High Value Customers
KC-16540,4,3908.262,2018-09-24,97,0,Regular Customers
KC-16675,4,1146.05,2018-11-03,57,0,Regular Customers
KD-16270,5,8282.358,2017-09-02,484,1,High Value Customers
KD-16345,6,1888.964,2018-11-19,41,0,Regular Customers
KD-16495,12,8181.256,2018-09-09,112,2,Low Engagement Customers
KD-16615,4,907.158,2018-03-16,289,0,Regular Customers
KE-16420,7,1453.2812000000001,2018-12-04,26,0,Regular Customers
KF-16285,7,10604.266,2018-09-24,97,2,Low Engagement Customers
KH-16330,8,3312.864,2018-11-20,40,2,Low Engagement Customers
KH-16360,6,3100.612,2018-12-29,1,0,Regular Customers
KH-16510,6,5229.695000000001,2018-12-08,22,2,Low Engagement Customers
KH-16630,9,3918.9660000000003,2018-11-02,58,2,Low Engagement Customers
KH-16690,7,5990.799,2018-12-28,2,2,Low Engagement Customers
KL-16555,8,5016.488,2018-12-14,16,2,Low Engagement Customers
KL-16645,12,14175.229000000001,2018-11-13,47,2,Low Engagement Customers
KM-16225,6,2260.958,2018-12-16,14,0,Regular Customers
KM-16375,8,5620.186,2018-11-04,56,2,Low Engagement Customers
KM-16660,5,453.538,2018-12-15,15,0,Regular Customers
KM-16720,8,4909.472,2018-12-02,28,2,Low Engagement Customers
KN-16390,8,2224.0860000000002,2018-12-11,19,0,Regular Customers
KN-16450,5,2171.962,2018-11-08,52,0,Regular Customers
KN-16705,7,2003.01,2018-09-23,98,0,Regular Customers
KS-16300,3,88.472,2018-03-10,295,1,High Value Customers
KT-16465,7,3057.1,2017-12-04,391,1,High Value Customers
KT-16480,10,4642.088400000001,2018-09-21,100,2,Low Engagement Customers
KW-16435,5,4416.5199999999995,2018-09-25,96,0,Regular Customers
KW-16570,4,449.096,2016-11-20,770,1,High Value Customers
LA-16780,11,8673.222,2018-07-29,154,2,Low Engagement Customers
LB-16735,3,50.188,2018-11-12,48,0,Regular Customers
LB-16795,8,4985.676,2018-07-31,152,2,Low Engagement Customers
LC-16870,8,2580.7039999999997,2018-12-03,27,2,Low Engagement Customers
LC-16885,12,7663.126,2018-12-14,16,2,Low Engagement Customers
LC-16930,8,4492.946,2018-11-19,41,2,Low Engagement Customers
LC-16960,4,3246.626,2017-10-20,436,1,High Value Customers
LC-17050,5,2095.064,2018-11-06,54,0,Regular Customers
LC-17140,9,2633.582,2018-12-17,13,2,Low Engagement Customers
LD-16855,1,5.304,2017-06-26,552,1,High Value Customers
LD-17005,4,1961.934,2017-11-11,414,1,High Value Customers
LE-16810,6,1469.45,2018-12-09,21,0,Regular Customers
LF-17185,7,3930.5089999999996,2018-12-08,22,2,Low Engagement Customers
LH-16750,3,287.426,2018-08-01,151,0,Regular Customers
LH-16900,9,2295.332,2018-12-09,21,2,Low Engagement Customers
LH-17020,4,318.239,2018-05-05,239,0,Regular Customers
LH-17155,9,1739.689,2017-12-10,385,2,Low Engagement Customers
LL-16840,5,2454.554,2018-04-25,249,0,Regular Customers
LM-17065,5,1346.774,2017-12-04,391,1,High Value Customers
LO-17170,5,644.35,2018-12-28,2,0,Regular Customers
LP-17080,4,756.606,2018-11-20,40,0,Regular Customers
LP-17095,6,3104.439,2018-12-21,9,0,Regular Customers
LR-16915,6,5142.892,2018-12-04,26,2,Low Engagement Customers
LR-17035,5,1879.306,2018-08-20,132,0,Regular Customers
LS-16945,6,2845.27,2018-07-05,178,0,Regular Customers
LS-16975,9,2988.674,2018-12-10,20,2,Low Engagement Customers
LS-17200,6,1010.2560000000001,2018-09-25,96,0,Regular Customers
LS-17230,3,368.88000000000005,2016-11-14,776,1,High Value Customers
LS-17245,6,1008.1360000000001,2018-11-26,34,0,Regular Customers
LT-16765,3,329.876,2018-12-04,26,0,Regular Customers
LT-17110,8,2936.252,2018-11-26,34,2,Low Engagement Customers
LW-16825,5,2238.061,2018-10-03,88,0,Regular Customers
LW-16990,6,3230.308,2018-11-27,33,0,Regular Customers
LW-17125,3,1259.04,2018-06-08,205,0,Regular Customers
LW-17215,7,5420.514,2018-12-09,21,2,Low Engagement Customers
MA-17560,11,4299.161,2018-10-27,64,2,Low Engagement Customers
MA-17995,6,2453.284,2018-06-27,186,0,Regular Customers
MB-17305,10,1548.702,2018-11-12,48,2,Low Engagement Customers
MB-18085,7,1428.231,2018-11-16,44,0,Regular Customers
MC-17275,8,2725.982,2018-10-15,76,2,Low Engagement Customers
MC-17425,5,4432.138,2017-11-26,399,1,High Value Customers
MC-17575,8,1303.893,2018-12-03,27,0,Regular Customers
MC-17590,6,2426.067,2018-11-09,51,0,Regular Customers
MC-17605,8,2258.192,2018-09-09,112,0,Regular Customers
MC-17635,4,795.154,2018-06-24,189,0,Regular Customers
MC-17845,7,3805.714,2018-12-29,1,2,Low Engagement Customers
MC-18100,10,2218.98,2018-11-19,41,2,Low Engagement Customers
MC-18130,5,1581.9979999999998,2017-12-26,369,1,High Value Customers
MD-17350,6,2716.412,2018-09-04,117,0,Regular Customers
MD-17860,5,1204.91,2018-11-24,36,0,Regular Customers
ME-17320,10,10663.728000000001,2018-11-18,42,2,Low Engagement Customers
ME-17725,8,1908.4532,2018-12-02,28,0,Regular Customers
ME-18010,4,1256.944,2018-09-29,92,0,Regular Customers
MF-17665,5,937.039,2017-11-04,421,1,High Value Customers
MF-18250,5,1758.3,2018-12-23,7,0,Regular Customers
MG-17650,7,3785.276,2018-12-01,29,2,Low Engagement Customers
MG-17680,4,2350.188,2018-09-29,92,0,Regular Customers
MG-17695,3,1342.282,2017-06-23,555,1,High Value Customers
MG-17875,5,1242.8329999999999,2018-09-05,116,0,Regular Customers
MG-17890,9,776.384,2018-09-22,99,0,Regular Customers
MG-18145,4,3061.543,2018-10-07,84,0,Regular Customers
MG-18205,1,16.739,2018-04-10,264,1,High Value Customers
MH-17290,5,1691.505,2018-03-11,294,0,Regular Customers
MH-17440,4,400.016,2017-12-19,376,1,High Value Customers
MH-17455,7,2146.694,2018-07-13,170,0,Regular Customers
MH-17620,4,1252.8,2018-07-28,155,0,Regular Customers
MH-17785,7,2203.7780000000002,2018-09-23,98,0,Regular Customers
MH-18025,5,2984.948,2018-11-11,49,0,Regular Customers
MH-18115,9,5503.093,2018-12-25,5,2,Low Engagement Customers
MJ-17740,7,6320.746,2018-12-08,22,2,Low Engagement Customers
MK-17905,8,2302.368,2018-12-02,28,0,Regular Customers
MK-18160,4,1031.602,2018-05-04,240,0,Regular Customers
ML-17395,9,2722.843,2018-10-22,69,2,Low Engagement Customers
ML-17410,5,2885.26,2018-11-06,54,0,Regular Customers
ML-17755,7,2071.9139999999998,2018-12-01,29,0,Regular Customers
ML-18040,3,742.082,2018-10-12,79,0,Regular Customers
ML-18265,2,162.232,2018-09-21,100,0,Regular Customers
MM-17260,4,1314.023,2018-07-15,168,0,Regular Customers
MM-17920,10,3640.2560000000003,2018-12-23,7,2,Low Engagement Customers
MM-18055,8,2749.881,2018-10-30,61,2,Low Engagement Customers
MM-18280,9,775.414,2018-10-06,85,0,Regular Customers
MN-17935,6,2477.946,2018-11-26,34,0,Regular Customers
MO-17500,4,922.487,2018-10-19,72,0,Regular Customers
MO-17800,8,1687.0269999999998,2018-09-17,104,0,Regular Customers
MO-17950,2,154.288,2018-07-03,180,0,Regular Customers
MP-17470,6,2945.822,2017-01-11,718,1,High Value Customers
MP-17965,9,3983.6420000000003,2018-10-19,72,2,Low Engagement Customers
MP-18175,8,4757.332,2018-12-14,16,2,Low Engagement Customers
MR-17545,4,639.178,2018-08-27,125,0,Regular Customers
MS-17365,10,7443.6900000000005,2018-04-01,273,2,Low Engagement Customers
MS-17530,4,475.65599999999995,2017-10-22,434,1,High Value Customers
MS-17710,6,1613.402,2017-11-12,413,1,High Value Customers
MS-17770,9,3144.678,2018-08-31,121,2,Low Engagement Customers
MS-17830,4,370.348,2017-10-04,452,1,High Value Customers
MS-17980,6,855.116,2018-12-04,26,0,Regular Customers
MT-17815,6,2890.139,2018-11-11,49,0,Regular Customers
MT-18070,4,1319.4498,2018-06-10,203,0,Regular Customers
MV-17485,9,1560.05,2018-12-03,27,2,Low Engagement Customers
MV-18190,7,1734.574,2018-12-11,19,0,Regular Customers
MW-18220,7,5341.900000000001,2018-12-13,17,2,Low Engagement Customers
MW-18235,2,5253.876,2018-11-16,44,0,Regular Customers
MY-17380,7,2254.285,2018-12-01,29,0,Regular Customers
MY-18295,10,3601.88,2018-10-20,71,2,Low Engagement Customers
MZ-17335,4,593.606,2018-11-30,30,0,Regular Customers
MZ-17515,6,2564.906,2018-03-23,282,0,Regular Customers
NB-18580,2,273.87199999999996,2015-10-22,1165,1,High Value Customers
NB-18655,9,1972.599,2018-12-11,19,2,Low Engagement Customers
NC-18340,5,2461.404,2018-05-20,224,0,Regular Customers
NC-18415,6,2218.9900000000002,2018-11-19,41,0,Regular Customers
NC-18535,7,8241.739,2018-12-24,6,2,Low Engagement Customers
NC-18625,5,1821.742,2018-06-09,204,0,Regular Customers
ND-18370,9,4326.139,2018-12-03,27,2,Low Engagement Customers
ND-18460,6,2893.455,2018-06-30,183,0,Regular Customers
NF-18385,6,8080.474,2018-10-12,79,2,Low Engagement Customers
NF-18475,4,377.16200000000003,2017-07-23,525,1,High Value Customers
NF-18595,7,2031.472,2018-09-07,114,0,Regular Customers
NG-18355,5,1869.58,2018-11-12,48,0,Regular Customers
NG-18430,5,1395.9379999999999,2018-11-12,48,0,Regular Customers
NH-18610,6,2518.6659999999997,2018-06-24,189,0,Regular Customers
NK-18490,7,572.048,2018-10-21,70,0,Regular Customers
NL-18310,4,1418.0900000000001,2018-11-02,58,0,Regular Customers
NM-18445,7,6459.344,2018-07-23,160,2,Low Engagement Customers
NM-18520,10,2161.979,2018-04-30,244,2,Low Engagement Customers
NP-18325,6,5529.62,2018-12-05,25,2,Low Engagement Customers
NP-18670,5,3908.402,2018-11-02,58,0,Regular Customers
NP-18685,5,1164.73,2017-11-19,406,1,High Value Customers
NP-18700,7,7903.1825,2018-08-14,138,2,Low Engagement Customers
NR-18550,5,2367.277,2018-06-03,210,0,Regular Customers
NS-18505,4,2575.863,2018-12-24,6,0,Regular Customers
NS-18640,12,2857.753,2018-07-09,174,2,Low Engagement Customers
NW-18400,7,7234.014,2018-07-11,172,2,Low Engagement Customers
NZ-18565,9,2488.31,2018-10-06,85,2,Low Engagement Customers
ON-18715,9,1567.52,2017-11-15,410,1,High Value Customers
OT-18730,5,3818.624,2018-10-26,65,0,Regular Customers
PA-19060,6,729.408,2018-09-18,103,0,Regular Customers
PB-18805,3,740.356,2018-12-05,25,0,Regular Customers
PB-19105,4,688.324,2018-11-03,57,0,Regular Customers
PB-19150,8,1456.95,2018-09-24,97,0,Regular Customers
PB-19210,2,132.738,2017-02-11,687,1,High Value Customers
PC-18745,4,1832.064,2018-12-28,2,0,Regular Customers
PC-19000,2,1061.488,2016-08-01,881,1,High Value Customers
PF-19120,4,9062.864,2016-09-17,834,1,High Value Customers
PF-19165,6,2770.0,2018-06-17,196,0,Regular Customers
PF-19225,5,2206.1279999999997,2018-09-07,114,0,Regular Customers
PG-18820,13,3086.907,2018-11-24,36,2,Low Engagement Customers
PG-18895,9,1987.164,2018-11-03,57,2,Low Engagement Customers
PH-18790,1,729.648,2018-10-21,70,0,Regular Customers
PJ-18835,8,1220.09,2018-11-21,39,0,Regular Customers
PJ-19015,6,1677.536,2018-08-18,134,0,Regular Customers
PK-18910,2,1441.152,2017-09-03,483,1,High Value Customers
PK-19075,12,8646.934,2018-12-21,9,2,Low Engagement Customers
PL-18925,5,239.481,2018-12-15,15,0,Regular Customers
PM-18940,3,1405.402,2017-12-09,386,1,High Value Customers
PM-19135,4,4115.662,2018-11-09,51,0,Regular Customers
PN-18775,8,1467.152,2018-11-30,30,0,Regular Customers
PO-18850,11,7473.8282,2018-12-26,4,2,Low Engagement Customers
PO-18865,7,2493.214,2018-12-30,0,0,Regular Customers
PO-19180,9,4893.043,2018-07-23,160,2,Low Engagement Customers
PO-19195,5,1056.858,2018-10-05,86,0,Regular Customers
PP-18955,10,7252.608,2018-09-24,97,2,Low Engagement Customers
PR-18880,5,1840.178,2018-11-24,36,0,Regular Customers
PS-18760,6,2181.479,2018-09-14,107,0,Regular Customers
PS-18970,8,1278.639,2018-10-22,69,0,Regular Customers
PS-19045,7,6843.634,2018-05-08,236,2,Low Engagement Customers
PT-19090,3,158.46,2018-10-20,71,0,Regular Customers
PV-18985,5,2876.046,2018-10-02,89,0,Regular Customers
PW-19030,10,3454.916,2018-11-14,46,2,Low Engagement Customers
PW-19240,7,3922.4150000000004,2017-09-22,464,1,High Value Customers
QJ-19255,7,1498.4080000000001,2018-04-30,244,0,Regular Customers
RA-19285,9,2617.906,2018-12-25,5,2,Low Engagement Customers
RA-19885,6,3546.224,2018-11-05,55,0,Regular Customers
RA-19915,9,4793.543,2018-12-18,12,2,Low Engagement Customers
RA-19945,5,1686.9225,2018-10-30,61,0,Regular Customers
RB-19330,2,1008.1959999999999,2018-10-23,68,0,Regular Customers
RB-19360,6,15117.339,2018-09-25,96,2,Low Engagement Customers
RB-19435,7,1864.156,2018-11-19,41,0,Regular Customers
RB-19465,12,4715.466,2018-12-21,9,2,Low Engagement Customers
RB-19570,5,528.546,2018-12-05,25,0,Regular Customers
RB-19645,5,221.084,2017-03-22,648,1,High Value Customers
RB-19705,4,2067.45,2018-11-06,54,0,Regular Customers
RB-19795,8,5633.316000000001,2018-11-28,32,2,Low Engagement Customers
RC-19825,6,966.409,2017-12-26,369,1,High Value Customers
RC-19960,4,652.644,2018-09-11,110,0,Regular Customers
RD-19480,8,4272.93,2018-10-19,72,2,Low Engagement Customers
RD-19585,9,2832.904,2018-07-03,180,2,Low Engagement Customers
RD-19660,4,2745.892,2018-09-07,114,0,Regular Customers
RD-19720,10,1419.737,2018-12-09,21,2,Low Engagement Customers
RD-19810,8,1137.616,2018-12-16,14,0,Regular Customers
RD-19900,9,3133.924,2018-09-07,114,2,Low Engagement Customers
RD-19930,4,970.9420000000001,2018-11-18,42,0,Regular Customers
RE-19405,1,48.36,2015-12-29,1097,1,High Value Customers
RE-19450,4,666.52,2018-03-03,302,1,High Value Customers
RF-19345,8,3309.15,2017-12-05,390,2,Low Engagement Customers
RF-19735,7,2341.2960000000003,2018-10-02,89,0,Regular Customers
RF-19840,7,938.862,2018-12-24,6,0,Regular Customers
RH-19495,5,3621.3759999999997,2018-11-28,32,0,Regular Customers
RH-19510,6,6979.18,2017-09-19,467,1,High Value Customers
RH-19555,2,740.382,2017-07-29,519,1,High Value Customers
RH-19600,3,2085.7400000000002,2017-07-14,534,1,High Value Customers
RK-19300,3,1460.192,2018-09-02,119,0,Regular Customers
RL-19615,8,6234.91,2018-08-31,121,2,Low Engagement Customers
RM-19375,5,816.294,2017-07-07,541,1,High Value Customers
RM-19675,5,5979.0960000000005,2018-12-24,6,2,Low Engagement Customers
RM-19750,1,98.35,2018-03-06,299,1,High Value Customers
RO-19780,7,3815.478,2018-11-25,35,2,Low Engagement Customers
RP-19270,4,954.6452,2017-08-21,496,1,High Value Customers
RP-19390,12,5153.084,2018-11-27,33,2,Low Engagement Customers
RP-19855,7,2055.356,2018-12-02,28,0,Regular Customers
RR-19315,2,615.932,2018-12-11,19,0,Regular Customers
RR-19525,6,3302.2619999999997,2018-07-13,170,0,Regular Customers
RS-19420,5,3221.29,2018-10-15,76,0,Regular Customers
RS-19765,8,4159.7699999999995,2018-11-24,36,2,Low Engagement Customers
RS-19870,2,22.328,2018-12-11,19,0,Regular Customers
RW-19540,7,7397.401,2018-09-01,120,2,Low Engagement Customers
RW-19630,9,3279.746,2018-10-02,89,2,Low Engagement Customers
RW-19690,5,3495.646,2018-10-12,79,0,Regular Customers
SA-20830,10,4767.3415,2018-10-28,63,2,Low Engagement Customers
SB-20170,3,1348.02,2018-06-12,201,0,Regular Customers
SB-20185,6,6410.996,2018-06-25,188,2,Low Engagement Customers
SB-20290,7,8057.891,2018-11-13,47,2,Low Engagement Customers
SC-20020,5,3362.9636,2016-11-10,780,1,High Value Customers
SC-20050,9,4624.572,2018-11-20,40,2,Low Engagement Customers
SC-20095,9,14142.333999999999,2018-01-15,349,2,Low Engagement Customers
SC-20230,4,4371.9580000000005,2018-08-03,149,0,Regular Customers
SC-20260,8,3729.7929999999997,2018-06-26,187,2,Low Engagement Customers
SC-20305,6,3650.473,2018-12-01,29,0,Regular Customers
SC-20380,9,5992.536,2018-11-30,30,2,Low Engagement Customers
SC-20440,7,1874.998,2018-11-24,36,0,Regular Customers
SC-20575,4,799.798,2018-09-29,92,0,Regular Customers
SC-20680,6,1254.64,2018-08-26,126,0,Regular Customers
SC-20695,10,2576.408,2018-10-02,89,2,Low Engagement Customers
SC-20725,11,5226.21,2018-06-26,187,2,Low Engagement Customers
SC-20770,7,4492.657,2018-11-19,41,2,Low Engagement Customers
SC-20800,4,279.25600000000003,2018-11-30,30,0,Regular Customers
SC-20845,1,14.112,2017-11-11,414,1,High Value Customers
SD-20485,9,6121.114,2018-06-13,200,2,Low Engagement Customers
SE-20110,11,12209.438000000002,2018-12-21,9,2,Low Engagement Customers
SF-20065,7,763.5459999999999,2018-11-01,59,0,Regular Customers
SF-20200,9,3422.7859999999996,2018-11-01,59,2,Low Engagement Customers
SF-20965,9,3336.535,2018-11-12,48,2,Low Engagement Customers
SG-20080,3,3406.5809999999997,2018-12-22,8,0,Regular Customers
SG-20470,8,1884.798,2018-06-30,183,0,Regular Customers
SG-20605,5,3118.892,2018-09-13,108,0,Regular Customers
SG-20890,3,47.946,2018-05-18,226,0,Regular Customers
SH-19975,12,2465.6594999999998,2018-12-01,29,2,Low Engagement Customers
SH-20395,10,2180.718,2018-12-07,23,2,Low Engagement Customers
SH-20635,2,2096.392,2016-11-26,764,1,High Value Customers
SJ-20125,12,3949.656,2018-09-26,95,2,Low Engagement Customers
SJ-20215,6,1341.036,2018-12-01,29,0,Regular Customers
SJ-20500,5,1318.776,2018-04-21,253,0,Regular Customers
SK-19990,3,883.409,2018-12-22,8,0,Regular Customers
SL-20155,6,3046.532,2018-10-21,70,0,Regular Customers
SM-20005,4,244.49399999999997,2017-11-04,421,1,High Value Customers
SM-20320,5,25043.05,2018-10-12,79,2,Low Engagement Customers
SM-20905,1,1043.041,2017-05-03,606,1,High Value Customers
SM-20950,11,4464.862,2018-12-05,25,2,Low Engagement Customers
SN-20560,6,1860.418,2018-09-10,111,0,Regular Customers
SN-20710,7,3127.9592,2018-10-12,79,0,Regular Customers
SO-20335,6,2602.5755,2018-12-01,29,0,Regular Customers
SP-20545,6,1306.086,2018-02-06,327,0,Regular Customers
SP-20620,9,5440.319,2018-11-13,47,2,Low Engagement Customers
SP-20650,9,1872.4360000000001,2017-12-09,386,2,Low Engagement Customers
SP-20860,10,4282.94,2018-10-12,79,2,Low Engagement Customers
SP-20920,6,3990.689,2018-10-21,70,0,Regular Customers
SR-20425,5,3233.481,2018-12-22,8,0,Regular Customers
SR-20740,8,4345.8859999999995,2018-06-17,196,2,Low Engagement Customers
SS-20140,8,1324.028,2018-12-15,15,0,Regular Customers
SS-20410,6,3056.8070000000002,2018-09-11,110,0,Regular Customers
SS-20515,3,613.4,2017-08-26,491,1,High Value Customers
SS-20590,6,418.49,2017-10-24,432,1,High Value Customers
SS-20875,5,964.636,2018-09-01,120,0,Regular Customers
ST-20530,7,433.34000000000003,2018-08-27,125,0,Regular Customers
SU-20665,7,2595.364,2018-12-10,20,0,Regular Customers
SV-20365,10,11470.949999999999,2018-09-20,101,2,Low Engagement Customers
SV-20785,8,3390.105,2018-02-13,320,2,Low Engagement Customers
SV-20815,4,1271.0900000000001,2018-10-15,76,0,Regular Customers
SV-20935,8,1903.491,2018-12-28,2,0,Regular Customers
SW-20245,7,1085.078,2018-10-10,81,0,Regular Customers
SW-20275,6,1966.65,2018-11-30,30,0,Regular Customers
SW-20350,3,1019.044,2018-07-21,162,0,Regular Customers
SW-20455,6,2835.564,2018-07-21,162,0,Regular Customers
SW-20755,2,758.6959999999999,2017-07-14,534,1,High Value Customers
SZ-20035,11,3625.329,2018-11-25,35,2,Low Engagement Customers
TA-21385,4,14595.62,2018-10-22,69,2,Low Engagement Customers
TB-21055,4,1451.361,2018-09-02,119,0,Regular Customers
TB-21175,4,3589.296,2018-11-02,58,0,Regular Customers
TB-21190,4,816.1740000000001,2018-11-11,49,0,Regular Customers
TB-21250,7,1602.376,2018-01-15,349,0,Regular Customers
TB-21280,6,2198.45,2017-05-26,583,1,High Value Customers
TB-21355,5,834.328,2018-08-06,146,0,Regular Customers
TB-21400,6,9108.742,2018-06-11,202,2,Low Engagement Customers
TB-21520,9,4737.486,2018-09-14,107,2,Low Engagement Customers
TB-21595,4,1240.871,2018-03-20,285,0,Regular Customers
TB-21625,9,2797.668,2018-11-30,30,2,Low Engagement Customers
TC-20980,5,19052.218,2017-11-26,399,2,Low Engagement Customers
TC-21145,1,1038.26,2018-09-15,106,0,Regular Customers
TC-21295,8,4266.812,2018-12-03,27,2,Low Engagement Customers
TC-21475,9,1244.976,2018-07-30,153,0,Regular Customers
TC-21535,7,742.5580000000001,2018-12-26,4,0,Regular Customers
TD-20995,9,1434.5480000000002,2018-11-23,37,2,Low Engagement Customers
TG-21310,5,3058.372,2018-01-27,337,1,High Value Customers
TG-21640,4,2074.661,2018-09-07,114,0,Regular Customers
TH-21100,5,2422.824,2018-01-20,344,1,High Value Customers
TH-21115,4,2942.772,2018-11-02,58,0,Regular Customers
TH-21235,8,1022.201,2018-09-04,117,0,Regular Customers
TH-21550,7,4234.0960000000005,2018-10-19,72,2,Low Engagement Customers
TM-21010,7,2819.026,2018-09-18,103,0,Regular Customers
TM-21490,3,1094.6779999999999,2018-08-22,130,0,Regular Customers
TN-21040,7,3130.221,2018-10-01,90,0,Regular Customers
TP-21130,9,4454.0560000000005,2018-12-22,8,2,Low Engagement Customers
TP-21415,5,5329.0048,2018-09-17,104,0,Regular Customers
TP-21565,4,1936.6399999999999,2018-01-14,350,1,High Value Customers
TR-21325,5,675.9419999999999,2018-06-20,193,0,Regular Customers
TS-21085,2,4.833,2018-01-07,357,1,High Value Customers
TS-21160,6,2163.6240000000003,2017-08-13,504,1,High Value Customers
TS-21205,7,5371.09,2018-06-15,198,2,Low Engagement Customers
TS-21340,5,974.7819999999999,2018-05-18,226,0,Regular Customers
TS-21370,6,11891.751,2018-11-24,36,2,Low Engagement Customers
TS-21430,5,2054.14,2018-07-11,172,0,Regular Customers
TS-21505,6,2243.274,2018-12-19,11,0,Regular Customers
TS-21610,7,2820.424,2018-11-05,55,0,Regular Customers
TS-21655,5,3368.094,2018-05-06,238,0,Regular Customers
TT-21070,7,4915.602,2018-11-29,31,2,Low Engagement Customers
TT-21220,8,1427.0439999999999,2018-06-30,183,0,Regular Customers
TT-21265,3,439.5,2017-11-19,406,1,High Value Customers
TT-21460,7,5364.808,2018-12-18,12,2,Low Engagement Customers
TW-21025,7,5278.826,2018-10-27,64,2,Low Engagement Customers
TZ-21580,4,1707.286,2018-11-25,35,0,Regular Customers
VB-21745,6,2005.596,2018-11-06,54,0,Regular Customers
VD-21670,6,6442.254,2017-05-28,581,1,High Value Customers
VF-21715,5,847.944,2018-12-17,13,0,Regular Customers
VG-21790,6,846.01,2018-07-29,154,0,Regular Customers
VG-21805,4,418.432,2017-08-26,491,1,High Value Customers
VM-21685,6,1160.116,2018-11-06,54,0,Regular Customers
VM-21835,5,380.69,2018-09-04,117,0,Regular Customers
VP-21730,3,993.9019999999999,2018-11-30,30,0,Regular Customers
VP-21760,7,3360.526,2018-10-16,75,0,Regular Customers
VS-21820,4,1055.981,2018-05-23,221,0,Regular Customers
VT-21700,2,1736.596,2016-04-05,999,1,High Value Customers
VW-21775,10,6134.0380000000005,2018-12-02,28,2,Low Engagement Customers
WB-21850,10,6129.71,2018-12-10,20,2,Low Engagement Customers
XP-21865,11,2374.658,2018-11-17,43,2,Low Engagement Customers
YC-21895,5,5454.35,2018-12-26,4,0,Regular Customers
YS-21880,8,6720.4439999999995,2018-12-21,9,2,Low Engagement Customers
ZC-21910,13,8025.707,2018-11-06,54,2,Low Engagement Customers
ZD-21925,5,1493.944,2018-06-11,202,0,Regular Customers
